{"style_1":[0.27142859,0.30396476,0.20419848,0.2221564,0.19444445,0.21364985,0.23595506,0.2611111,0.2551647,0.22713864],"style_google":[0.3892857,0.34801763,0.30343512,0.29680094,0.21296297,0.27893174,0.28651685,0.2611111,0.3422669,0.28023598],"style_2":[0.41666666,0.36563876,0.33206108,0.3234597,0.21296297,0.28486648,0.30617976,0.26666668,0.36348408,0.2979351]}