{"style_1":[0.114735655,0.15767635,0.13992538,0.11281179,0.17886178,0.16620499,0.122715406,0.2460733,0.16394307,0.15789473],"style_google":[0.1327334,0.2033195,0.19402985,0.14965986,0.19512194,0.2603878,0.15143603,0.2565445,0.19030048,0.1468144],"style_2":[0.1577218,0.21632653,0.19963703,0.14972375,0.23577236,0.28846154,0.17312661,0.26530612,0.20071869,0.14905149]}