{"style_1":[0.28214285,0.30837005,0.24045801,0.2600711,0.3425926,0.22848664,0.25561798,0.41111112,0.31099945,0.32448378],"style_google":[0.4,0.3524229,0.33969465,0.33471563,0.3611111,0.29376855,0.30617976,0.41111112,0.39810163,0.37758112],"style_2":[0.42738095,0.37004405,0.3683206,0.3613744,0.3611111,0.29970327,0.3258427,0.41666666,0.41931883,0.39528024],"style_3":[0.37142858,0.33480176,0.3110687,0.3086493,0.3611111,0.28486648,0.28932583,0.40555555,0.38079286,0.359882]}